{
    "accuracy": 0.33035714285714285,
    "loss": 2.039814284869603
}